"","species","Mean","SD","q.025","q.05","q.25","q.75","q.95","q.975","calibration","SP"
"1","Blepsias cirrhosus",0.099390185408467,0.000186547943041607,0.0989873557402488,0.0991117444561153,0.0993095298921088,0.099465883101447,0.0996773598520021,0.0998273180914442,"COM1","Blepsias cirrhosus"
"2","Cymatogaster aggregata",0.10100947909093,0.000183646373722786,0.100591086606596,0.100718111887732,0.100935754488945,0.101088489820632,0.101274071537921,0.101391564514275,"COM1","Cymatogaster aggregata"
"3","Hexagrammos",0.0999179865601103,0.000191534105691109,0.0994934074176104,0.0996356206387984,0.0998353795342916,0.0999886272145318,0.100251415474825,0.100433051475098,"COM1","Hexagrammos"
"4","Leptocottus armatus",0.0998038959905655,0.000210218763648007,0.0993945084377819,0.09949244682451,0.0996970972219897,0.0999109982648978,0.100141546129933,0.100256454149303,"COM1","Leptocottus armatus"
"5","Lumpenus sagitta",0.0997137952758935,0.000317709396434173,0.0990216378346754,0.0992224178369214,0.0995734023006326,0.0998378240988025,0.100236265710263,0.100456642799417,"COM1","Lumpenus sagitta"
"6","Oncorhynchus keta",0.0996059400808419,8.26826598418881e-05,0.099442733332815,0.0994706878074774,0.099554911076751,0.0996560999210682,0.0997413000373098,0.0997713173511659,"COM1","Oncorhynchus keta"
"7","Oncorhynchus kisutch",0.10007477025492,0.000260559283237763,0.0994611316733143,0.0996393364393369,0.0999735056836347,0.100187469578277,0.100477347087312,0.100637975369484,"COM1","Oncorhynchus kisutch"
"8","Pholis laeta",0.100294094278912,0.000240348985761049,0.0997670010373558,0.0999154479052761,0.100195019047312,0.100398492712324,0.100674381980806,0.100832367685633,"COM1","Pholis laeta"
"9","Syngnathus leptorhynchus",0.100300361666865,0.000246889847391659,0.0997240222072321,0.0999195099530399,0.100204323424711,0.100402268244813,0.100668562418203,0.100824772111095,"COM1","Syngnathus leptorhynchus"
"10","zRefSpecies_Ammodytes personatus",0.0998894913924934,7.5196171232579e-05,0.099739661184349,0.0997662100904343,0.0998427717288557,0.0999374516437748,0.100010683812225,0.100036579909418,"COM1","Ammodytes personatus"
"11","Clupea pallasii",0.111536618352484,0.000437304944567642,0.110532101756972,0.110836542651817,0.111342927174285,0.111744152173728,0.112250009092943,0.112454172815544,"COM2","Clupea pallasii"
"12","Lepidopsetta",0.111790020420675,0.000374803484000582,0.110916237125778,0.111186793924764,0.111645318272265,0.111955866158254,0.112345070346981,0.112549839516948,"COM2","Lepidopsetta"
"13","Leptocottus armatus",0.111227043675561,0.000234317300422184,0.110771188859533,0.110875264158084,0.11109909716865,0.11135131034882,0.111577734305227,0.111699168620379,"COM2","Leptocottus armatus"
"14","Oncorhynchus gorbuscha",0.110441827016428,0.000233605561447345,0.10992305431995,0.110052179761377,0.110326918576288,0.110557677657806,0.110796216422393,0.110908876431772,"COM2","Oncorhynchus gorbuscha"
"15","Oncorhynchus keta",0.109138628434465,0.000117556960668141,0.108909808971707,0.108951622241292,0.109064011940288,0.10921024743083,0.109333129771832,0.109385785153267,"COM2","Oncorhynchus keta"
"16","Pleuronectidae 1",0.111674029397268,0.000258912277508682,0.111123368654308,0.111296398852946,0.111565841494686,0.111784745767248,0.112052913005912,0.11221943284655,"COM2","Pleuronectidae 1"
"17","Sebastes 2",0.111342498846348,0.000481179565840748,0.110262110099763,0.110553686200364,0.111148222240965,0.111568468791756,0.112053608133819,0.112295280564906,"COM2","Sebastes 2"
"18","Sebastes 3",0.112377926860728,0.000445874369782948,0.111412428986111,0.111702149388091,0.112192806794275,0.112557174284544,0.113107535339351,0.113358707827669,"COM2","Sebastes 3"
"19","zRefSpecies_Ammodytes personatus",0.110471406996043,0.000113533808065563,0.110244458633098,0.110291417074257,0.110401528762118,0.110537736412781,0.110659281091776,0.110711047676805,"COM2","Ammodytes personatus"
"20","Clupea pallasii",0.0905056133422444,0.000276566961054613,0.0899699486988355,0.0900857626007249,0.0903563410784459,0.0906590627469626,0.0909234326283905,0.0910486951983899,"COM3","Clupea pallasii"
"21","Hexagrammos",0.0913002346000644,0.000703840928278643,0.0898542610593261,0.0903174536349115,0.0910352113438637,0.0915778122494193,0.0922769257293072,0.0926745543287113,"COM3","Hexagrammos"
"22","Lepidopsetta",0.0913035161709305,0.000329837021072352,0.0906678841157252,0.0907933608053294,0.0911248374630582,0.0914767792332804,0.0918062569725425,0.0919909767887306,"COM3","Lepidopsetta"
"23","Leptocottus armatus",0.0911336085411266,0.000294099999116781,0.0905592096361148,0.0907024128464501,0.0909833696268398,0.0912846187289552,0.0915675845379419,0.0916953090665948,"COM3","Leptocottus armatus"
"24","Lumpenus sagitta",0.0909786083084241,0.000576366135430551,0.0897166732618788,0.0901403554392398,0.0907562128137454,0.0912149464363461,0.0918059251125941,0.0921364607629507,"COM3","Lumpenus sagitta"
"25","Oncorhynchus gorbuscha",0.0909078473303893,0.000288696014063511,0.0903504739821062,0.0904887671411424,0.0907596806074925,0.0910550529541111,0.0913302795982005,0.0914359229165818,"COM3","Oncorhynchus gorbuscha"
"26","Oncorhynchus keta",0.0899197723670798,0.00031812333250231,0.0892895116321124,0.0894502125457544,0.0897576368882096,0.0900861930887708,0.0904028401936944,0.0905516139426875,"COM3","Oncorhynchus keta"
"27","Oncorhynchus kisutch",0.0902695754062969,0.000622259395507605,0.0889324651091558,0.0893274554876166,0.0900196740393636,0.0905386647676699,0.0911889973718909,0.0915762468764719,"COM3","Oncorhynchus kisutch"
"28","Pleuronectidae 1",0.0912900344863085,0.000327135977619292,0.0906801026446389,0.0908149190084015,0.0911221868529505,0.0914585279715549,0.0917699619157329,0.0919014049797374,"COM3","Pleuronectidae 1"
"29","Sebastes 1",0.0911998203366059,0.000586768705118275,0.0899271696673654,0.0903338203508442,0.0909818871459342,0.0914313883867014,0.0920482350746529,0.0924128453634974,"COM3","Sebastes 1"
"30","Syngnathus leptorhynchus",0.0911913691105296,0.00014112048822571,0.090913064429731,0.0909691408886742,0.0911066473116174,0.091271718074894,0.0914239770249501,0.0914850278065703,"COM3","Syngnathus leptorhynchus"
"31","Gadus",0.127257182476047,0.00014845559389949,0.126979651173966,0.12703177988591,0.127166728630213,0.127341312515628,0.127502860807348,0.127591093785538,"COM4","Gadus"
"32","Limanda aspera",0.127105316981437,0.000150952738470218,0.126815221368193,0.126875011853912,0.127022574557489,0.127183439618167,0.127346500986536,0.12742677689008,"COM4","Pleuronectidae 1"
"33","Oncorhynchus gorbuscha",0.123368341452092,0.000184713241796924,0.123011654526653,0.123072456840485,0.123257041233994,0.123475061675253,0.123676128410128,0.123754137385534,"COM4","Oncorhynchus gorbuscha"
"34","Oncorhynchus keta",0.12334587519858,0.000110139653876601,0.123133196031474,0.123178310467804,0.123285970701672,0.123397607761915,0.123521210285782,0.123582812590567,"COM4","Oncorhynchus keta"
"35","Oncorhynchus kisutch",0.123330502845048,0.000126694952447906,0.123090486756736,0.123138656565994,0.123258930409016,0.123395880017146,0.123528024899332,0.123593629618918,"COM4","Oncorhynchus kisutch"
"36","Oncorhynchus nerka",0.123655477821268,0.000429938021645278,0.122799777454057,0.123104870384472,0.123555221189762,0.123784675791456,0.124188557134317,0.124478794889238,"COM4","Oncorhynchus nerka"
"37","Oncorhynchus tshawytscha",0.124183515719472,0.000439672002114386,0.12325225532901,0.123648931224027,0.124088093820493,0.124312716615946,0.124694713752698,0.12495025354232,"COM4","Oncorhynchus tshawytscha"
"38","Pholis laeta",0.127753787506056,9.98881724979192e-05,0.127572965288297,0.12761062909792,0.127702127862711,0.127799603649918,0.127905273516478,0.127967016445356,"COM4","Pholis laeta"
"39","Blepsias cirrhosus",0.099335361096136,0.000129792632042839,0.0990645808389254,0.0991381383729833,0.0992724320275117,0.0994038824360763,0.0995280387095746,0.0995953457569224,"COM5","Blepsias cirrhosus"
"40","Cymatogaster aggregata",0.100146768919705,0.000134021281456039,0.0998633456681715,0.0999323596693101,0.100081533519058,0.100214751367798,0.100341395297123,0.100412562117964,"COM5","Cymatogaster aggregata"
"41","Hexagrammos",0.0997387076788429,0.000120937238539456,0.0994902814214966,0.0995538503442528,0.0996765040289401,0.0998034410309386,0.0999255267054227,0.0999799487942431,"COM5","Hexagrammos"
"42","Leptocottus armatus",0.0997186521756961,0.000135856967896891,0.0994377648974329,0.0995055364587498,0.0996525058872787,0.0997875578686329,0.099918834339912,0.0999750921539241,"COM5","Leptocottus armatus"
"43","Lumpenus sagitta",0.0997338269931715,0.000169169835197565,0.099393476815356,0.0994780276288809,0.0996473355368078,0.09981564930061,0.100001420987135,0.100079322651734,"COM5","Lumpenus sagitta"
"44","Oncorhynchus kisutch",0.100571913752382,0.000186483877147158,0.100186828272156,0.100278671570101,0.100486813076677,0.100668488334753,0.100829876040071,0.100903434668657,"COM5","Oncorhynchus kisutch"
"45","Ophiodon elongatus",0.100415966218076,0.000418458387351883,0.0996386725303731,0.0999014734335028,0.100285982757317,0.100527201658761,0.10097276702848,0.101287251541636,"COM5","Ophiodon elongatus"
"46","Pleuronectidae 1",0.100872334171223,0.000489403763859835,0.0999743254159463,0.100269131701364,0.100715711358233,0.101001851029455,0.101499726103195,0.10180992993657,"COM5","Pleuronectidae 1"
"47","Sebastes 1",0.0997481712753473,0.000370650715985041,0.0990191777759173,0.0993255263157673,0.0996538062611827,0.0998461883810462,0.100220428958432,0.100468568148885,"COM5","Sebastes 1"
"48","Sebastes 2",0.0997182977194211,9.05451118623819e-05,0.0995340313854007,0.0995823323694222,0.0996739667248081,0.0997650739521855,0.0998509489401673,0.0999007807764073,"COM5","Sebastes 2"
"49","Cymatogaster aggregata",0.123935381961026,0.000457117929219593,0.122974275298183,0.123295130992516,0.12378640874283,0.12410308521737,0.124548552091317,0.124814781379484,"COM6","Cymatogaster aggregata"
"50","Hexagrammos",0.124707099143175,0.000453097079308888,0.123999384555262,0.124218768515767,0.124566012143791,0.1248358002695,0.12518768428775,0.125397771342275,"COM6","Hexagrammos"
"51","Lepidopsetta",0.125564294957023,0.000285174429316785,0.125009262396562,0.125132963852812,0.1254103049554,0.125707482569374,0.126024333569958,0.126167630843836,"COM6","Lepidopsetta"
"52","Leptocottus armatus",0.124588392634639,0.000222926517198508,0.124122920841783,0.124240795230866,0.124475904304585,0.124700973716602,0.124948953846927,0.12506123497079,"COM6","Leptocottus armatus"
"53","Lumpenus sagitta",0.124702489541949,0.000639568309494552,0.123362900108782,0.123832778579574,0.124520377474408,0.124938717997478,0.12550294722969,0.125808501536113,"COM6","Lumpenus sagitta"
"54","Pholis laeta",0.125303194121681,0.000668229482414262,0.123980102537024,0.12439347324646,0.125087501849202,0.125555026100312,0.126199722835045,0.126524164053283,"COM6","Pholis laeta"
"55","Pleuronectidae 1",0.126192995301446,0.00036176091038722,0.125469809553237,0.125637962879061,0.126001931810403,0.126385158799698,0.126760948431043,0.126955512847833,"COM6","Pleuronectidae 1"
"56","Syngnathus leptorhynchus",0.125006152339061,0.000177376293760628,0.124675734886262,0.124750220755107,0.124909438248278,0.125097206975219,0.125280957558302,0.12536252747911,"COM6","Syngnathus leptorhynchus"
"57","Ammodytes personatus",0.0997225830045883,0.000274238403756532,0.0991017808207982,0.0993181768490338,0.0996162602674819,0.0998436929103389,0.100104101086997,0.100238723417214,"COM7","Ammodytes personatus"
"58","Blepsias cirrhosus",0.0993117704496828,0.000401730780210211,0.0984695814931706,0.0987577864250566,0.0991725311593903,0.0994718247573315,0.0998245997997216,0.100055303370834,"COM7","Blepsias cirrhosus"
"59","Gadus",0.100733559802176,0.000366021339781304,0.0999239277083015,0.100167832176634,0.100588611650269,0.100881184798399,0.101282086540072,0.101512647467782,"COM7","Gadus"
"60","Hexagrammos",0.0991444636063161,0.000154943971119752,0.0988458959959744,0.0989012052979113,0.0990518133855205,0.0992360436970872,0.0993940672086746,0.0994499511338993,"COM7","Hexagrammos"
"61","Lumpenus sagitta",0.0997145257963676,0.000316560796783896,0.0991040948997723,0.0992555143689407,0.0995549077423212,0.0998802986538952,0.10017927484003,0.100329394094644,"COM7","Lumpenus sagitta"
"62","Oncorhynchus gorbuscha",0.10144634657297,0.000681102644700701,0.100027916941445,0.100444536140338,0.101171675508569,0.101733484232623,0.102364938867212,0.102747123727912,"COM7","Oncorhynchus gorbuscha"
"63","Ophiodon elongatus",0.10010059612691,0.000328448723906323,0.099354414009435,0.099556238600561,0.0999404928124284,0.10026231695853,0.100610278879327,0.100800911767862,"COM7","Ophiodon elongatus"
"64","Pholis laeta",0.0997345650244144,0.000259264249896731,0.0992183482431707,0.0993373107540446,0.0995966666781706,0.0998663996019295,0.100130549179699,0.100258897984013,"COM7","Pholis laeta"
"65","Sebastes 1",0.100570401992553,0.000485573406885644,0.0994468946973111,0.0998323119072563,0.100404958491025,0.100764902767177,0.101250035339434,0.101553682612313,"COM7","Sebastes 1"
"66","Syngnathus leptorhynchus",0.0995211876240211,0.000136687938768898,0.0992616546159772,0.0993084401666962,0.0994378837186243,0.0996031931915836,0.0997517984416289,0.099808131400154,"COM7","Syngnathus leptorhynchus"
"67","Blepsias cirrhosus",0.0660560154846771,8.51874744349072e-05,0.0658795230499437,0.0659273074952635,0.0660125855669846,0.0661026453098415,0.0661831469877679,0.0662209180631722,"COM8","Blepsias cirrhosus"
"68","Clupea pallasii",0.0666815492107841,0.000160664366899885,0.0663057696643364,0.0664430455932727,0.0666277789583291,0.066738868042511,0.0669178849686196,0.0670223887570198,"COM8","Clupea pallasii"
"69","Cymatogaster aggregata",0.0669752663273272,9.11354106901289e-05,0.0667962941645852,0.0668389816856108,0.0669256022632116,0.0670238134189997,0.0671118948756539,0.0671598547167679,"COM8","Cymatogaster aggregata"
"70","Gadus",0.0669533065510853,0.000222814394442062,0.0663952475935584,0.0665720393542383,0.0668692826013518,0.0670463051527661,0.0672892259508254,0.0674343036280871,"COM8","Gadus"
"71","Hexagrammos",0.0664852446191417,9.80920869599675e-05,0.0663030605675179,0.066345138163965,0.0664375626350741,0.066533908239823,0.0666261948374261,0.0666642548725296,"COM8","Hexagrammos"
"72","Lepidopsetta",0.0670175019461606,0.000152125340941305,0.0666574671713688,0.0667970611207866,0.0669708274100711,0.0670767723876339,0.0672147863632602,0.0673083925396359,"COM8","Lepidopsetta"
"73","Lumpenus sagitta",0.0665009413484021,0.000111389462681703,0.0662820979571972,0.0663310333086386,0.0664439422111541,0.0665577077958768,0.066675537587946,0.0667284973303194,"COM8","Lumpenus sagitta"
"74","Oncorhynchus gorbuscha",0.0668671451076084,0.000159517757885671,0.0664708344388445,0.0665887459622856,0.0668042959369322,0.066939212682266,0.0671089246443263,0.0672027328193996,"COM8","Oncorhynchus gorbuscha"
"75","Oncorhynchus keta",0.0661263272891522,6.49637940331499e-05,0.0660024528497398,0.0660262490960053,0.0660889026784946,0.0661624351190374,0.0662222970311194,0.0662476529377716,"COM8","Oncorhynchus keta"
"76","Ophiodon elongatus",0.0669066109894985,0.000230612953554268,0.0663884834092886,0.0665451478684071,0.0668166653619844,0.0669945370001766,0.0672781905312719,0.0674455190757152,"COM8","Ophiodon elongatus"
"77","Pholis laeta",0.0666799480718835,9.96921964147662e-05,0.0664819536719485,0.0665283449879017,0.0666258536668383,0.0667310884661711,0.0668353767349236,0.0668879145066792,"COM8","Pholis laeta"
"78","Sebastes 1",0.0666920955457268,0.00020474223184497,0.0662149872242241,0.0663632223462208,0.0666133138008406,0.0667755977699438,0.0670001743313284,0.0671413077279318,"COM8","Sebastes 1"
"79","Sebastes 3",0.0673361497532322,0.000221713216284096,0.0668326689791515,0.0669989239941371,0.0672635592470732,0.0674113564904288,0.0676339473464835,0.0678090041070514,"COM8","Sebastes 3"
"80","Syngnathus leptorhynchus",0.0662288502845362,0.000155523568679383,0.0659248975740232,0.0660070430733661,0.0661524614896866,0.0663077886524527,0.0664615624935793,0.0665391223242072,"COM8","Syngnathus leptorhynchus"
"81","zRefSpecies_Ammodytes personatus",0.0664930474707842,4.5411445660548e-05,0.066401499781782,0.0664171761724231,0.0664640106061144,0.0665222107289854,0.0665668519347286,0.066585965597281,"COM8","Ammodytes personatus"
"82","Ammodytes personatus",0.0993539893509805,0.000271837916620057,0.0987078611417004,0.0989141205298008,0.0992421197760076,0.0994638246841909,0.0997933318622655,0.0999760063889531,"COM9","Ammodytes personatus"
"83","Blepsias cirrhosus",0.0990286717087863,0.000318840195031523,0.0983390207699332,0.0985806274769481,0.0989178410467024,0.0991517708508659,0.0994638721946076,0.0996895502572026,"COM9","Blepsias cirrhosus"
"84","Gadus",0.100660998757555,0.000315541047243894,0.0999332533550392,0.100159804351352,0.100536261249143,0.100791032456838,0.101150464378606,0.101401341895744,"COM9","Gadus"
"85","Hexagrammos",0.0993538666784465,0.000120821475078567,0.0991114034568322,0.0991593573698824,0.099287999118324,0.0994203666254261,0.0995371749227525,0.0995940415282661,"COM9","Hexagrammos"
"86","Oncorhynchus gorbuscha",0.100968059181059,0.000401709476465759,0.100025249648732,0.100336974792636,0.100833343010652,0.101122921584773,0.101538680191645,0.101780676657234,"COM9","Oncorhynchus gorbuscha"
"87","Ophiodon elongatus",0.10009599083695,0.000257605449721804,0.0995109878888475,0.0996753930289125,0.0999755790317107,0.100218649546796,0.100519032971893,0.100667804097974,"COM9","Ophiodon elongatus"
"88","Pholis laeta",0.100052463363139,0.00017429785309773,0.0996938728514932,0.0997798142483199,0.0999578236346089,0.100147761145527,0.100319744284422,0.100391727926626,"COM9","Pholis laeta"
"89","Sebastes 1",0.100255184971543,0.000228801889813067,0.0998017819332475,0.0999159777923259,0.100152191497791,0.100344895896088,0.100617602200869,0.100790060557412,"COM9","Sebastes 1"
"90","Syngnathus leptorhynchus",0.099893719187351,0.000249718730084444,0.0993682428966702,0.099491222701697,0.0997702104058784,0.10002666763683,0.100268003902691,0.100392716515774,"COM9","Syngnathus leptorhynchus"
"91","zRefSpecies_Cymatogaster aggregata",0.100337055964189,8.60240438072869e-05,0.100166304539273,0.100197829636688,0.100283793582028,0.100388306591781,0.1004807149602,0.10051697265554,"COM9","Cymatogaster aggregata"
"92","Gadus",0.143702754470939,0.000549364145521057,0.142497776463474,0.142810111118116,0.143456765140834,0.143945714794296,0.144581272548897,0.14497934347533,"COM10","Gadus"
"93","Hexagrammos",0.142384472087407,0.000298314558550636,0.141753418860029,0.141961932056592,0.142267204959219,0.142507488737253,0.142811140361692,0.143013199445948,"COM10","Hexagrammos"
"94","Lepidopsetta",0.143756929205281,0.000331060159599436,0.143007910160504,0.143230365408692,0.143615877447132,0.143904005553,0.144251556586693,0.144460958800615,"COM10","Lepidopsetta"
"95","Ophiodon elongatus",0.143562337134751,0.000488033961339617,0.142428522519762,0.14275771601072,0.143364093519362,0.143762622187048,0.144347733377662,0.144697966002217,"COM10","Ophiodon elongatus"
"96","Sebastes 1",0.141565209163361,0.00025205225116285,0.141018823570208,0.141194738551347,0.141455889326253,0.141678277669059,0.141939337633542,0.14206502249792,"COM10","Sebastes 1"
"97","Sebastes 2",0.141912335044222,0.000283117188916246,0.14133484745136,0.141491252982984,0.141788101938829,0.142035781886768,0.142311647481784,0.142484853109934,"COM10","Sebastes 2"
"98","Sebastes 3",0.143115962894038,0.000144446411190169,0.142817842303901,0.14287743370739,0.143032460941209,0.143200633251148,0.143357074199649,0.143412276608467,"COM10","Sebastes 3"
"99","Cymatogaster aggregata",0.125547084379049,0.000146169854833432,0.125261784120311,0.125316969686929,0.125461917671939,0.125631077697701,0.125782135580273,0.125850980392451,"COM11","Cymatogaster aggregata"
"100","Gasterosteus aculeatus",0.125828470644775,0.000286671087464755,0.125111958254305,0.125363184359971,0.12572787575883,0.125960115085747,0.126239361636435,0.126381201049444,"COM11","Gasterosteus aculeatus"
"101","Hexagrammos",0.124823466592469,0.000197190144441576,0.124424241238148,0.124511386249635,0.124716447011792,0.124933166576552,0.125129374781979,0.125219907669615,"COM11","Hexagrammos"
"102","Leptocottus armatus",0.125224247703669,0.000273370675612834,0.124713172123183,0.124822975489876,0.12507832456656,0.125355398877928,0.125628898955571,0.125802048429929,"COM11","Leptocottus armatus"
"103","Lumpenus sagitta",0.124540871538318,0.000218200592833381,0.124117341628575,0.124196365421487,0.124416213142775,0.124661792062376,0.124895984745495,0.124982594003346,"COM11","Lumpenus sagitta"
"104","Oncorhynchus gorbuscha",0.125012598273092,0.000549376941625152,0.123783801148477,0.124179532571928,0.124813817988595,0.125232098299849,0.125797625668274,0.126152272965635,"COM11","Oncorhynchus gorbuscha"
"105","Syngnathus leptorhynchus",0.124577188485731,0.000333497142973673,0.123853406542874,0.124081906500447,0.124432951159481,0.124745299143278,0.125040952416369,0.125198931071282,"COM11","Syngnathus leptorhynchus"
"106","zRefSpecies_Ammodytes personatus",0.124446072382897,0.000129503022247769,0.124180807956999,0.124234563783075,0.124366688355519,0.124524263119478,0.124647752880185,0.124700143367996,"COM11","Ammodytes personatus"
"107","Blepsias cirrhosus",0.110458707364144,0.000158327887347276,0.110146614645088,0.110211535808935,0.110365795764889,0.110545814557392,0.110712904572143,0.110790664076056,"COM12","Blepsias cirrhosus"
"108","Gasterosteus aculeatus",0.111700206989696,0.000322541375250848,0.110987595300576,0.111203124425348,0.111591014607165,0.111808756617157,0.112173360335817,0.112413958024743,"COM12","Gasterosteus aculeatus"
"109","Hexagrammos",0.110968035034937,0.000149141944728116,0.110675305797157,0.110743084041655,0.110891047825174,0.111049517348409,0.111186982293476,0.111253986351946,"COM12","Hexagrammos"
"110","Oncorhynchus gorbuscha",0.111295598734456,0.00040047561080302,0.110570942016512,0.110773309046425,0.111136638125541,0.111480600151648,0.111814366211333,0.111993738687164,"COM12","Oncorhynchus gorbuscha"
"111","Ophiodon elongatus",0.111883377293887,0.000232556914896333,0.111425652402295,0.111539586712463,0.111755954640225,0.112002835651615,0.112232519540507,0.112358937700682,"COM12","Ophiodon elongatus"
"112","Pholis laeta",0.111033008279768,0.00017290797216573,0.110703443505085,0.110771010507463,0.11093564640474,0.111125104066193,0.111300281062939,0.111388300547911,"COM12","Pholis laeta"
"113","Sebastes 1",0.110909637859406,0.000196810736041371,0.110529799235308,0.110615279462853,0.110801399380546,0.111012573813356,0.111204833789396,0.111301229196932,"COM12","Sebastes 1"
"114","Syngnathus leptorhynchus",0.111174754759291,0.000172781862620024,0.110848849628123,0.11092655598201,0.111087035237469,0.111259284147416,0.111438393676464,0.111527746572518,"COM12","Syngnathus leptorhynchus"
"115","zRefSpecies_Ammodytes personatus",0.110576673684416,9.28164294101126e-05,0.110398140114501,0.110434028064582,0.110515219101332,0.110634542545806,0.110726189011399,0.110761731347251,"COM12","Ammodytes personatus"
"116","Blepsias cirrhosus",0.124566532469196,0.000354036688004287,0.123847831786455,0.12400801812491,0.124374181412851,0.124753810550887,0.125107496232749,0.125278778569828,"COM13","Blepsias cirrhosus"
"117","Cymatogaster aggregata",0.125609661773739,0.000233587358857881,0.125136407586387,0.12525371784708,0.125492106820627,0.125731979375665,0.125962667951465,0.126071531987221,"COM13","Cymatogaster aggregata"
"118","Gasterosteus aculeatus",0.124871595822914,0.000742585663175543,0.123302160761669,0.123770441362299,0.124591093404515,0.125145899235746,0.12592478077691,0.126407422342611,"COM13","Gasterosteus aculeatus"
"119","Hexagrammos",0.125466851765059,0.000231320931187576,0.124990337005618,0.125115277600901,0.125345236200797,0.125595104805178,0.125822461121719,0.125924875918614,"COM13","Hexagrammos"
"120","Oncorhynchus kisutch",0.124565314746773,0.000346868676188841,0.123819043357209,0.124001266647711,0.124386224830094,0.124760020833057,0.125090708064763,0.125226617395852,"COM13","Oncorhynchus kisutch"
"121","Pleuronectidae 1",0.125499832317468,0.000584405925547352,0.124628513471102,0.124893678358777,0.125305181176773,0.125635028169643,0.126129181444465,0.12646881160362,"COM13","Pleuronectidae 1"
"122","Sebastes 1",0.125004016230545,0.000590098495137939,0.123698202633024,0.12420093698113,0.124815507884388,0.125225513227214,0.125759950942994,0.126084436577191,"COM13","Sebastes 1"
"123","Sebastes 2",0.124416194874306,0.000186399764344289,0.124040393686741,0.124127428207887,0.124313922349538,0.124520177657605,0.124701774035401,0.124781341242363,"COM13","Sebastes 2"
